Application Name|Environment|URL|Execution Date|Version
GOALD|QA|http://vmstep8r3cfis04.r3-core.r3.aig.net:8084/recon-web/claimvalidations.jsp|08-13-2019|R2.3
Test Case Id|Type|Name|Description|Start Time|End Time|Time Taken|Status|Screenshots|Video Recording|Browser
1|TESTCASE|TC001_iLoss Validation|TC001_iLoss Validation|Tue Aug 13 17:28:22 SGT 2019|Tue Aug 13 17:29:02 SGT 2019|0m, 40s|Passed|C:\Automation\OneClaim\OneClaim\RapidTestExecutionEngine\..\TestOutput\Screenshots\20190813172820.1.Windows.Firefox|http://localhost:4444/grid/admin/HubVideoDownloadServlet/?sessionId=7af8d3e0-4462-43ee-a849-30b507feea2a|BROWSER_NAME
1|TESTSTEP|Validate iLoss in GOALD Application||Tue Aug 13 17:28:40 SGT 2019|Tue Aug 13 17:29:02 SGT 2019|0m, 21s|Passed|||BROWSER_NAME
1|TESTACTION|switchWindow||Tue Aug 13 17:28:40 SGT 2019|Tue Aug 13 17:28:40 SGT 2019|0m, 0s|Complete|null||BROWSER_NAME
1|TESTACTION|wait||Tue Aug 13 17:28:40 SGT 2019|Tue Aug 13 17:28:44 SGT 2019|0m, 4s|Complete|null||BROWSER_NAME
1|TESTACTION|click||Tue Aug 13 17:28:44 SGT 2019|Tue Aug 13 17:28:45 SGT 2019|0m, 0s|Complete|null||BROWSER_NAME
1|TESTACTION|wait||Tue Aug 13 17:28:45 SGT 2019|Tue Aug 13 17:28:49 SGT 2019|0m, 4s|Complete|null||BROWSER_NAME
1|TESTACTION|selectValue||Tue Aug 13 17:28:49 SGT 2019|Tue Aug 13 17:28:49 SGT 2019|0m, 0s|Complete|null||BROWSER_NAME
1|TESTACTION|wait||Tue Aug 13 17:28:49 SGT 2019|Tue Aug 13 17:28:53 SGT 2019|0m, 4s|Complete|null||BROWSER_NAME
1|TESTACTION|setText||Tue Aug 13 17:28:53 SGT 2019|Tue Aug 13 17:28:53 SGT 2019|0m, 0s|Complete|null||BROWSER_NAME
1|TESTACTION|wait||Tue Aug 13 17:28:53 SGT 2019|Tue Aug 13 17:28:57 SGT 2019|0m, 4s|Complete|null||BROWSER_NAME
1|TESTACTION|capture||Tue Aug 13 17:28:57 SGT 2019|Tue Aug 13 17:28:58 SGT 2019|0m, 0s|Complete|C:\Automation\OneClaim\OneClaim\RapidTestExecutionEngine\..\TestOutput\Screenshots\20190813172820.1.win7.firefox60.7.2\0001_20190813172820.1.GOALDPage.jpeg||BROWSER_NAME
1|TESTACTION|click||Tue Aug 13 17:28:58 SGT 2019|Tue Aug 13 17:28:58 SGT 2019|0m, 0s|Complete|null||BROWSER_NAME
1|TESTACTION|wait||Tue Aug 13 17:28:58 SGT 2019|Tue Aug 13 17:29:02 SGT 2019|0m, 4s|Complete|null||BROWSER_NAME
1|TESTACTION|capture||Tue Aug 13 17:29:02 SGT 2019|Tue Aug 13 17:29:02 SGT 2019|0m, 0s|Complete|C:\Automation\OneClaim\OneClaim\RapidTestExecutionEngine\..\TestOutput\Screenshots\20190813172820.1.win7.firefox60.7.2\0002_20190813172820.1.GOALDPage.jpeg||BROWSER_NAME
2|TESTCASE|TC002_iFin Validation|TC002_iFin Validation|Tue Aug 13 17:29:02 SGT 2019|Tue Aug 13 17:29:42 SGT 2019|0m, 39s|Passed|C:\Automation\OneClaim\OneClaim\RapidTestExecutionEngine\..\TestOutput\Screenshots\20190813172820.2.Windows.Firefox|http://localhost:4444/grid/admin/HubVideoDownloadServlet/?sessionId=f626d3db-6f72-4af4-94dd-d9f1e3d5cb5b|BROWSER_NAME
2|TESTSTEP|Validate iFin in GOALD Application||Tue Aug 13 17:29:18 SGT 2019|Tue Aug 13 17:29:42 SGT 2019|0m, 23s|Passed|||BROWSER_NAME
2|TESTACTION|switchWindow||Tue Aug 13 17:29:18 SGT 2019|Tue Aug 13 17:29:18 SGT 2019|0m, 0s|Complete|null||BROWSER_NAME
2|TESTACTION|wait||Tue Aug 13 17:29:18 SGT 2019|Tue Aug 13 17:29:22 SGT 2019|0m, 4s|Complete|null||BROWSER_NAME
2|TESTACTION|click||Tue Aug 13 17:29:22 SGT 2019|Tue Aug 13 17:29:23 SGT 2019|0m, 0s|Complete|null||BROWSER_NAME
2|TESTACTION|wait||Tue Aug 13 17:29:23 SGT 2019|Tue Aug 13 17:29:27 SGT 2019|0m, 4s|Complete|null||BROWSER_NAME
2|TESTACTION|selectValue||Tue Aug 13 17:29:27 SGT 2019|Tue Aug 13 17:29:27 SGT 2019|0m, 0s|Complete|null||BROWSER_NAME
2|TESTACTION|wait||Tue Aug 13 17:29:27 SGT 2019|Tue Aug 13 17:29:31 SGT 2019|0m, 4s|Complete|null||BROWSER_NAME
2|TESTACTION|setText||Tue Aug 13 17:29:31 SGT 2019|Tue Aug 13 17:29:33 SGT 2019|0m, 1s|Complete|null||BROWSER_NAME
2|TESTACTION|wait||Tue Aug 13 17:29:33 SGT 2019|Tue Aug 13 17:29:37 SGT 2019|0m, 4s|Complete|null||BROWSER_NAME
2|TESTACTION|capture||Tue Aug 13 17:29:37 SGT 2019|Tue Aug 13 17:29:37 SGT 2019|0m, 0s|Complete|C:\Automation\OneClaim\OneClaim\RapidTestExecutionEngine\..\TestOutput\Screenshots\20190813172820.2.win7.firefox60.7.2\0001_20190813172820.2.GOALDPage.jpeg||BROWSER_NAME
2|TESTACTION|click||Tue Aug 13 17:29:37 SGT 2019|Tue Aug 13 17:29:37 SGT 2019|0m, 0s|Complete|null||BROWSER_NAME
2|TESTACTION|wait||Tue Aug 13 17:29:37 SGT 2019|Tue Aug 13 17:29:41 SGT 2019|0m, 4s|Complete|null||BROWSER_NAME
2|TESTACTION|capture||Tue Aug 13 17:29:41 SGT 2019|Tue Aug 13 17:29:42 SGT 2019|0m, 0s|Complete|C:\Automation\OneClaim\OneClaim\RapidTestExecutionEngine\..\TestOutput\Screenshots\20190813172820.2.win7.firefox60.7.2\0002_20190813172820.2.GOALDPage.jpeg||BROWSER_NAME
